system,split,rouge1,rouge2,rougeL,rougeLsum,bertscore_precision,bertscore_recall,bertscore_f1,avg_len_pred,avg_len_ref,len_ratio_pred_to_ref,k,n_examples
SRT QLoRA,validation_full,0.2504619473801055,0.09901160232208825,0.24170565166059946,0.24523924101526295,0.8628460558652877,0.884687641620636,0.8735476859807968,71.52,45.34,1.577415086016762,,500
